Epoch,EpRet/Mean,EpRet/Std,EpRet/Min,EpRet/Max,EpLen/Mean,EpLen/Min,EpLen/Max,Values/V/Mean,Values/V/Min,Values/V/Max,Values/Adv/Mean,Values/Adv/Min,Values/Adv/Max,Loss/Pi,Loss/Value,Loss/DeltaPi,Loss/DeltaValue,Entropy,KL,Misc/StopIter,Misc/Seed,PolicyRatio,LR,Misc/RewScaleMean,Misc/RewScaleStddev,Misc/ExplorationNoiseStd,TotalEnvSteps,Time,FPS
1,-108.02716247725205,5.751726854274935,-152.32167,-100.310974,29.086442220200183,11.0,95.0,-0.11905967712402343,-0.6276224,0.34838033,-7.2063349609375,-18.500166,-0.41813153,7.20633602142334,55.461463928222656,-0.09970712661743164,-33.43637466430664,0.7436313033103943,0.0014732880517840385,80.0,2390,0.9862572550773621,0.0003,-90.2704086303711,7.632508277893066,0.508999994180536,32000,28,1122
2,-109.54145615019961,7.868905659140609,-155.16835,-100.69943,31.932135728542914,12.0,97.0,-1.3383494873046875,-8.174498,7.7664447,-4.19040478515625,-17.327446,5.103156,4.190405368804932,29.499286651611328,-0.11697530746459961,-19.916547775268555,0.73377925157547,0.002252180129289627,80.0,2390,0.9816867709159851,0.00029699999999999996,-90.16875457763672,7.58718204498291,0.504010011618452,64000,56,1131
3,-110.2547076396348,7.658535233493661,-155.41205,-101.08678,34.339419978517725,10.0,92.0,-5.6506474609375,-9.047222,3.0457191,-1.9031087646484375,-10.246533,1.1348501,1.9031087160110474,5.343614101409912,-0.038674116134643555,-3.9955875873565674,0.7238293290138245,0.001726943184621632,80.0,2390,0.9846774339675903,0.000294,-89.8772201538086,7.845175743103027,0.4990199874853069,96000,84,1138
4,-110.52423298499464,8.028574391871151,-146.99994,-101.232254,34.27545551982851,11.0,83.0,-7.54438818359375,-10.070812,-1.3532698,-0.90881787109375,-5.755839,0.935968,0.9088177680969238,1.3912025690078735,-0.01756685972213745,-0.9797486066818237,0.7137795686721802,0.0016927279066294432,80.0,2390,0.9878168702125549,0.00029099999999999997,-89.80692291259766,7.921144008636475,0.49403001303756583,128000,113,1126
5,-110.5278921436285,7.666285104815456,-146.00449,-100.37655,34.53563714902808,10.0,89.0,-8.38967578125,-10.435638,-5.066684,-0.41184039306640624,-3.624183,0.9675105,0.4118403494358063,0.4149651527404785,-0.007525205612182617,-0.22053326666355133,0.7036275267601013,0.0013395828427746892,80.0,2390,0.993120014667511,0.00028799999999999995,-89.74308776855469,7.943559169769287,0.48904000119877045,160000,141,1135
6,-111.7485204965358,9.395973460120002,-160.71571,-101.16371,36.90762124711316,13.0,92.0,-8.826984375,-10.552084,-6.5682096,-0.1475735626220703,-2.2827277,1.0552144,0.1475735455751419,0.1730727255344391,-0.004974886775016785,-0.03817155584692955,0.6933715343475342,0.0014166843611747026,80.0,2390,0.9957711100578308,0.000285,-89.65705871582031,8.075443267822266,0.4840500140318596,192000,169,1138
7,-113.53111172566372,12.100946138213716,-300.5351,-101.281044,40.45259165613148,13.0,156.0,-9.036630859375,-10.645332,-6.93272,-0.009305810928344727,-3.8187997,1.1707305,0.009305811487138271,0.13945715129375458,-0.004348042421042919,-0.020800357684493065,0.6830090284347534,0.001264427904970944,80.0,2390,0.9998504519462585,0.00028199999999999997,-89.56324005126953,8.268207550048828,0.4790599994846701,224000,197,1140
8,-114.2676603618421,10.750235233044414,-170.12389,-101.24784,42.05921052631579,12.0,101.0,-9.021517578125,-10.57234,-6.872093,0.019610998153686523,-1.7936954,1.079646,-0.019610999152064323,0.12436947971582413,-0.004544338211417198,-0.004614909645169973,0.672538161277771,0.0014333415310829878,80.0,2390,0.9994964003562927,0.00027899999999999995,-89.42381286621094,8.445948600769043,0.4740699962916369,256000,225,1145
9,-116.33710603632478,11.909536111525835,-173.8899,-101.09713,45.52564102564103,13.0,103.0,-9.0428876953125,-10.4720955,-7.246757,0.0450013198852539,-1.5553651,1.063403,-0.045001320540905,0.11291129142045975,-0.004116706550121307,-0.006540221162140369,0.6619567275047302,0.0012460477882996202,80.0,2390,0.998559832572937,0.000276,-89.3084716796875,8.614815711975098,0.46907999085743085,288000,253,1143
10,-118.97031494522692,12.470645305158573,-164.37196,-101.332,49.97026604068858,13.0,104.0,-9.044705078125,-10.445793,-7.125524,0.060288162231445314,-2.1437364,0.9746096,-0.06028816103935242,0.1076844334602356,-0.00423557311296463,-0.007616323884576559,0.6512617468833923,0.0013867091620340943,80.0,2390,0.999282717704773,0.00027299999999999997,-89.19314575195312,8.812028884887695,0.46409000434407544,320000,281,1145
11,-120.32546487603305,12.897149566557284,-165.34166,-100.563644,52.8495867768595,11.0,117.0,-8.9625,-10.536563,-6.707693,0.049657707214355466,-1.6058531,1.080236,-0.049657709896564484,0.11076443642377853,-0.004539795219898224,-0.006947977468371391,0.6404513716697693,0.0014601682778447866,80.0,2390,1.0006349086761475,0.00027,-89.06645202636719,9.00175666809082,0.4591000102019319,352000,309,1146
12,-124.63304834905661,15.003791285808838,-202.45299,-101.48261,60.27547169811321,13.0,156.0,-8.933373046875,-10.417876,-6.939581,0.06454518890380859,-1.7006202,1.033908,-0.06454519182443619,0.1057259663939476,-0.004253022372722626,-0.01167216245085001,0.6295226812362671,0.0013965347316116095,80.0,2390,1.0000553131103516,0.000267,-88.92918395996094,9.256302833557129,0.4541099923733702,384000,337,1139
13,-125.49834735576923,15.521377550259265,-196.59682,-101.65726,61.52307692307692,15.0,134.0,-8.8285068359375,-10.412638,-6.253357,0.03536753845214844,-2.228978,1.2944305,-0.035367537289857864,0.11014678329229355,-0.004942487925291061,-0.0071663265116512775,0.6184731721878052,0.0014332191785797477,80.0,2390,0.9986544847488403,0.00026399999999999997,-88.81449127197266,9.45284652709961,0.44911999991009005,416000,365,1146
14,-128.15211776859505,15.501863974166259,-219.38521,-100.499954,66.05785123966942,16.0,155.0,-8.8040546875,-10.426597,-6.057178,0.04654035186767578,-2.1747527,1.1188141,-0.04654034599661827,0.10082151740789413,-0.005052436143159866,-0.0069539896212518215,0.6073006987571716,0.0015300270169973373,80.0,2390,0.9991784691810608,0.000261,-88.70245361328125,9.649989128112793,0.444130012697655,448000,393,1144
15,-130.22413677730194,17.09016115011924,-232.4175,-102.371155,68.37687366167023,16.0,155.0,-8.757787109375,-10.42228,-5.8561587,0.02690088081359863,-2.4269233,1.4387357,-0.02690088003873825,0.11137115955352783,-0.006127830594778061,-0.007063097320497036,0.5960015058517456,0.001790304435417056,80.0,2390,0.9971583485603333,0.000258,-88.62126922607422,9.873299598693848,0.4391399993071233,480000,422,1125
16,-134.4839978448276,20.006780459829514,-262.85855,-102.4259,73.54942528735633,17.0,185.0,-8.740490234375,-10.365498,-6.210721,0.025548810958862304,-2.6915803,1.2442734,-0.02554881013929844,0.12704439461231232,-0.006281515583395958,-0.012566416524350643,0.5845733284950256,0.0017323222709819674,80.0,2390,0.9990148544311523,0.00025499999999999996,-88.58545684814453,10.103835105895996,0.4341499971346156,512000,450,1147
17,-139.1938671875,24.747004237887058,-373.31183,-101.799484,79.9925,20.0,203.0,-8.5317001953125,-10.3439865,2.0635803,-0.008436913490295411,-9.329106,1.52507,0.008436916396021843,0.30720511078834534,-0.01025079283863306,-0.12392541021108627,0.5730132460594177,0.002003268338739872,80.0,2390,0.9976791739463806,0.00025199999999999995,-88.57846069335938,10.426849365234375,0.4291600081062228,544000,477,1149
18,-139.44782366071428,18.175088579318437,-251.97235,-104.4213,81.49234693877551,27.0,149.0,-8.5647021484375,-10.337756,-5.275915,0.07546588134765625,-2.3202264,1.3851708,-0.07546588778495789,0.1280611902475357,-0.00641246885061264,-0.016758859157562256,0.5613174438476562,0.0016620499081909657,80.0,2390,1.001365303993225,0.000249,-88.52747344970703,10.630050659179688,0.42417000262846627,576000,505,1145
19,-150.50721494334277,45.91020380080186,-599.261,-102.62247,90.40793201133144,20.0,316.0,-8.245333984375,-10.201522,5.4028873,-0.010163637161254882,-14.659426,1.4034641,0.010163635015487671,0.5630471110343933,-0.016385387629270554,-0.2594813406467438,0.5494837164878845,0.0023328284732997417,80.0,2390,0.9975535273551941,0.000246,-88.66786193847656,11.469575881958008,0.4191799984699375,608000,533,1147
20,-147.8869642857143,29.820840028409663,-306.1743,-103.31061,91.19428571428571,22.0,222.0,-8.2304912109375,-10.25378,-1.0014256,0.21255235290527344,-6.484542,1.9853998,-0.21255236864089966,0.317579448223114,-0.011729732155799866,-0.12809881567955017,0.5375080704689026,0.001815382274799049,80.0,2390,1.006349802017212,0.000243,-88.66683959960938,11.7803373336792,0.4141900108255301,640000,561,1144
21,-153.58931213017752,37.44901613088918,-365.7295,-107.72631,94.56508875739645,29.0,252.0,-7.972744140625,-9.845202,-3.5099306,0.14185008239746094,-4.025855,1.6375198,-0.14185009896755219,0.28118911385536194,-0.011462375521659851,-0.0843510851264,0.5253872871398926,0.0019377024145796895,80.0,2390,1.0050715208053589,0.00023999999999999998,-88.77169799804688,12.200212478637695,0.40920000592278644,672000,589,1143
22,-158.64070862003058,69.83886543596095,-1159.6658,-104.7482,97.37614678899082,27.0,392.0,-7.70056201171875,-10.069222,-3.667314,0.10425353240966796,-8.060648,1.678987,-0.10425352305173874,0.49290332198143005,-0.01566481590270996,-0.17302604019641876,0.5131177306175232,0.0020236249547451735,80.0,2390,1.001029133796692,0.000237,-89.00003814697266,13.688814163208008,0.4042100027254721,704000,617,1148
23,-157.16593070652175,47.50648043403988,-669.67413,-102.334076,99.17701863354037,20.0,302.0,-7.546177734375,-10.168299,-1.1531618,0.3301818237304687,-5.1625056,2.6609092,-0.3301818370819092,0.42144179344177246,-0.01409822702407837,-0.2531487047672272,0.5006957650184631,0.0017854402540251613,80.0,2390,1.0121161937713623,0.000234,-89.09828186035156,14.211773872375488,0.3992200009009028,736000,645,1150
24,-169.68819981677524,101.6561394311189,-1685.6512,-106.15914,103.5928338762215,27.0,333.0,-7.18649462890625,-10.805984,-3.5910742,0.19376303100585937,-11.725121,3.0708957,-0.19376303255558014,0.6645109057426453,-0.015163779258728027,-0.21004028618335724,0.48811769485473633,0.0018256029579788446,80.0,2390,1.0069851875305176,0.00023099999999999998,-89.46107482910156,16.910526275634766,0.3942300081003883,768000,673,1150
25,-171.32663257890366,83.09761401598425,-752.885,-104.67787,106.1029900332226,20.0,416.0,-6.957962890625,-11.068652,-4.128674,0.42371133422851565,-4.349969,4.0909705,-0.42371129989624023,0.5424131751060486,-0.016445308923721313,-0.3190020024776459,0.47537943720817566,0.0016336991684511304,80.0,2390,1.0128802061080933,0.00022799999999999999,-89.78176879882812,18.022401809692383,0.3892399958191972,800000,700,1160
26,-170.1138731060606,60.01797570234611,-573.81757,-108.64605,107.64983164983165,42.0,282.0,-6.4738388671875,-11.524022,-3.6390553,0.4077756042480469,-2.4996884,5.727242,-0.4077755808830261,0.39571380615234375,-0.013259410858154297,-0.22072425484657288,0.46247661113739014,0.0015755011700093746,80.0,2390,1.01372492313385,0.000225,-89.98576354980469,18.374691009521484,0.38424999620757794,832000,728,1154
27,-166.17932889344263,69.09079319936943,-806.59955,-103.212074,104.58688524590164,19.0,281.0,-6.043255859375,-11.094899,-3.7325718,0.3322335815429687,-4.0415587,5.056231,-0.33223357796669006,0.3193275034427643,-0.01183784008026123,-0.1473938673734665,0.4494052529335022,0.0015775059582665563,80.0,2390,1.0111660957336426,0.00022199999999999998,-90.15665435791016,19.004539489746094,0.3792600108593067,864000,756,1149
28,-175.34135452961672,77.53570886904811,-756.64594,-105.74092,111.31358885017421,28.0,316.0,-5.71983984375,-11.008505,-3.8351421,0.24306106567382812,-2.6614263,4.8881454,-0.24306106567382812,0.2436794638633728,-0.01019752025604248,-0.10179096460342407,0.4361606240272522,0.0015886162873357534,80.0,2390,1.008438229560852,0.00021899999999999998,-90.40547180175781,19.699600219726562,0.3742699936216597,896000,784,1154
29,-176.13414143041237,89.79530942372055,-1097.2736,-106.94206,109.8213058419244,24.0,321.0,-5.43362939453125,-9.665881,-2.8011746,0.19160177612304688,-4.59677,4.6264,-0.19160178303718567,0.2487899512052536,-0.010476276278495789,-0.11851528286933899,0.4227382242679596,0.0016551382141187787,80.0,2390,1.008208990097046,0.00021599999999999996,-90.68485260009766,20.61309814453125,0.369279989221283,928000,811,1153
30,-179.73423696996466,108.45536119079009,-943.82074,-105.80686,112.63957597173145,29.0,357.0,-5.2624736328125,-10.661856,-3.0836825,0.17728018188476563,-3.7794821,5.2658415,-0.17728018760681152,0.2469523847103119,-0.010471150279045105,-0.08199794590473175,0.4091334342956543,0.00165786303114146,80.0,2390,1.0079315900802612,0.00021299999999999997,-91.00282287597656,21.854171752929688,0.3642899788615118,960000,839,1153
31,-181.21202108304794,146.44697249661618,-1566.4904,-104.91307,109.4486301369863,36.0,428.0,-5.0727646484375,-11.244733,-2.1434786,0.1611412811279297,-4.3435197,6.313992,-0.1611412614583969,0.3078819215297699,-0.01106540858745575,-0.11278481036424637,0.3953408896923065,0.0016459210310131311,80.0,2390,1.0077067613601685,0.00020999999999999998,-91.40972137451172,24.179075241088867,0.3592999952524963,992000,867,1154
32,-171.232421875,73.1721458687285,-825.6264,-107.17758,110.32068965517242,27.0,317.0,-4.734787109375,-11.810624,-3.0942657,0.25684262084960935,-1.7876608,7.3264127,-0.25684261322021484,0.20384401082992554,-0.009367257356643677,-0.09251677989959717,0.3813554346561432,0.0015506584895774722,80.0,2390,1.0130643844604492,0.00020699999999999996,-91.52681732177734,24.38746452331543,0.35431001747927265,1024000,895,1149
33,-178.09284855769232,138.85170939818207,-2165.7764,-110.24913,111.7062937062937,35.0,380.0,-4.53711767578125,-11.526378,-1.7828633,0.17222018432617187,-6.5969462,6.007572,-0.17222018539905548,0.27897167205810547,-0.010089442133903503,-0.08724095672369003,0.3671717047691345,0.0016858443850651383,80.0,2390,1.0094071626663208,0.00020399999999999997,-91.78963470458984,26.293569564819336,0.34931999966136884,1056000,923,1150
34,-177.56266983695653,95.95574727332703,-1006.4214,-106.65805,115.56521739130434,33.0,408.0,-4.30533447265625,-12.1702,-0.9724462,0.20113262939453125,-3.0261593,5.41925,-0.2011326402425766,0.14593788981437683,-0.007484897971153259,-0.06308238208293915,0.3527836799621582,0.0014125604648143053,80.0,2390,1.0100980997085571,0.00020099999999999995,-91.93885040283203,26.65892791748047,0.3443299798605651,1088000,950,1152
35,-165.50374461206897,59.94527856648756,-662.5097,-104.67522,110.24827586206897,25.0,292.0,-3.91929736328125,-8.501546,-2.2978115,0.17194818115234375,-2.4362023,4.011547,-0.17194817960262299,0.0937858372926712,-0.005349025130271912,-0.04113534837961197,0.33818578720092773,0.0013070106506347656,80.0,2390,1.0095874071121216,0.00019799999999999996,-91.92622375488281,26.619569778442383,0.33933999796320524,1120000,978,1153
36,-166.8204781360424,73.42847954148208,-773.38574,-110.778885,112.57597173144876,38.0,323.0,-3.763935302734375,-10.730325,-0.030400172,0.11846430969238281,-3.6963685,6.627965,-0.11846430599689484,0.0909176915884018,-0.005501352250576019,-0.037013839930295944,0.3233714699745178,0.0014248252846300602,80.0,2390,1.0074715614318848,0.000195,-91.92223358154297,26.71926498413086,0.33434998077180506,1152000,1006,1149
37,-165.71827528211804,66.67984895712081,-644.99646,-107.96999,110.76736111111111,38.0,366.0,-3.599364990234375,-8.742427,-2.3540604,0.07650482940673828,-2.854778,2.8108566,-0.07650481164455414,0.06811217218637466,-0.004652567207813263,-0.022422537207603455,0.30833449959754944,0.0014568713959306479,80.0,2390,1.0032957792282104,0.00019199999999999998,-91.9078369140625,26.748994827270508,0.32935999109229713,1184000,1034,1148
38,-166.17646585051546,97.81182842616086,-1632.6086,-104.52175,109.63573883161511,30.0,358.0,-3.497692138671875,-7.9695983,-2.299166,0.03496617889404297,-5.5568833,2.596327,-0.034966181963682175,0.11408380419015884,-0.006347134709358215,-0.06551337242126465,0.29306796193122864,0.001718698418699205,80.0,2390,1.0012927055358887,0.00018899999999999999,-91.93634033203125,27.297462463378906,0.3243699913090489,1216000,1062,1148
39,-164.00755657327585,59.411211280885944,-606.07117,-107.22682,110.02758620689656,37.0,312.0,-3.416384765625,-9.3698435,-2.199448,0.04254558181762695,-2.257747,3.8636594,-0.042545583099126816,0.05662939324975014,-0.004201725125312805,-0.017527149990200996,0.27756497263908386,0.0014390568248927593,80.0,2390,1.0025663375854492,0.000186,-91.90312957763672,27.254148483276367,0.31938000901642877,1248000,1090,1150
40,-163.93525598404256,48.750440987276214,-467.9212,-108.41241,113.34397163120568,41.0,326.0,-3.340702880859375,-6.3754835,-2.0181525,0.0361463851928711,-1.5374106,2.2256453,-0.036146380007267,0.03806189075112343,-0.0034117884933948517,-0.008442534133791924,0.26181742548942566,0.001412567449733615,80.0,2390,1.0018644332885742,0.00018299999999999998,-91.82437133789062,27.122638702392578,0.3143899884524414,1280000,1117,1152
41,-168.09762834821427,83.10617939462401,-1022.6897,-104.06587,114.09642857142858,25.0,340.0,-3.3473603515625,-8.095787,-2.095308,0.007600009918212891,-4.7176948,2.7033525,-0.007600009441375732,0.06784839928150177,-0.0047348057851195335,-0.025949707254767418,0.2458181232213974,0.001623546238988638,80.0,2390,0.9996047019958496,0.00017999999999999998,-91.8212890625,27.296850204467773,0.30939998805568575,1312000,1145,1152
42,-152.7794451320132,36.399478426249054,-405.57697,-107.91144,105.42904290429043,29.0,333.0,-3.19662548828125,-7.2074027,-2.0570786,0.026497137069702147,-1.6164365,1.721639,-0.026497136801481247,0.02702215686440468,-0.0028095804154872894,-0.005203107837587595,0.22955872118473053,0.0014645177870988846,80.0,2390,1.0016549825668335,0.00017700000000000002,-91.67056274414062,27.15650177001953,0.30440999717997913,1344000,1173,1147
43,-158.95103809931507,61.0817299994526,-630.42816,-105.77162,109.53082191780823,47.0,362.0,-3.224917724609375,-8.872836,-2.0016563,0.005520363330841064,-2.1833863,4.8006797,-0.005520364735275507,0.03837377950549126,-0.003519862424582243,-0.00938437134027481,0.2130303978919983,0.0015387098537757993,80.0,2390,0.9996976256370544,0.000174,-91.58769226074219,27.087509155273438,0.29941998469562436,1376000,1201,1155
44,-157.56469298245614,44.45880953887581,-447.213,-110.74618,112.0982456140351,44.0,274.0,-3.179582763671875,-8.161906,-2.1153488,0.013866634368896484,-1.3550906,2.5377483,-0.013866634108126163,0.02970149926841259,-0.002974209375679493,-0.006980678997933865,0.1962246149778366,0.0013887222157791257,80.0,2390,0.9992520809173584,0.000171,-91.45240020751953,26.996503829956055,0.29443001408819147,1408000,1229,1150
45,-156.04421600877194,37.0851586383026,-377.57224,-110.171524,111.96140350877192,34.0,367.0,-3.12876611328125,-5.980698,-2.026124,0.004860055446624756,-1.164062,1.8179989,-0.004860057029873133,0.0266923438757658,-0.002826202195137739,-0.004188460297882557,0.17913125455379486,0.0016340125584974885,80.0,2390,0.9990241527557373,0.000168,-91.29793548583984,26.886486053466797,0.28944000266852465,1440000,1256,1153
46,-153.5424923780488,34.41456940175213,-324.61176,-107.49436,111.3170731707317,35.0,345.0,-3.1002197265625,-6.3444533,-2.0233197,0.002814399480819702,-1.2263484,1.7185867,-0.002814399776980281,0.025449631735682487,-0.0027697302866727114,-0.0037818870041519403,0.16174077987670898,0.0016476246528327465,80.0,2390,0.9986607432365417,0.000165,-91.12943267822266,26.775083541870117,0.28445001424858274,1472000,1284,1148
47,-160.61741394927537,43.606555733038014,-394.40335,-115.08336,115.73913043478261,57.0,321.0,-3.16543212890625,-7.0420675,-2.0208302,-0.0060778532028198246,-1.1996696,1.5680729,0.006077852565795183,0.026844238862395287,-0.0031132420990616083,-0.0041470215655863285,0.14404237270355225,0.0016656221123412251,80.0,2390,0.9983351826667786,0.000162,-91.01599884033203,26.65946388244629,0.27945999006879996,1504000,1312,1150
48,-164.82920763108615,58.24531414500387,-521.2618,-108.52916,119.67415730337079,43.0,378.0,-3.16846728515625,-7.303074,-1.9862432,-0.015914022445678713,-2.3652039,2.6369374,0.01591402478516102,0.03586257994174957,-0.003946348093450069,-0.00867423228919506,0.12602519989013672,0.0019327125046402216,80.0,2390,0.9957442879676819,0.000159,-90.93255615234375,26.618268966674805,0.2744699988862624,1536000,1340,1154
49,-159.92900499535315,52.46070179040696,-502.31656,-114.159744,118.68029739776952,51.0,389.0,-3.14031005859375,-7.337833,-1.9793661,-0.002218411207199097,-1.4700363,2.402697,0.0022184106055647135,0.031039148569107056,-0.003362784394994378,-0.006405094172805548,0.10767747461795807,0.0017599808052182198,80.0,2390,0.9987730979919434,0.000156,-90.79871368408203,26.549407958984375,0.26948001213629597,1568000,1368,1145
50,-160.897516634981,50.73300629527738,-506.93835,-106.467064,121.50950570342205,47.0,359.0,-3.13724951171875,-7.711393,-2.0056138,-0.002397637367248535,-1.4076809,2.6018045,0.0023976375814527273,0.0302618145942688,-0.003443809226155281,-0.005821394268423319,0.08898663520812988,0.0017889821901917458,80.0,2390,0.9997606873512268,0.00015299999999999998,-90.66645050048828,26.490026473999023,0.26448998762702364,1600000,1396,1154
51,-158.30150627367425,43.20262008924641,-462.7655,-104.32076,120.3409090909091,32.0,289.0,-3.09461083984375,-7.3312345,-1.9496421,-0.004777673244476318,-1.3879398,1.3579334,0.0047776722349226475,0.02557465434074402,-0.0032820883207023144,-0.004727207124233246,0.06993997097015381,0.001955405343323946,80.0,2390,0.9977163672447205,0.00015,-90.5137939453125,26.435876846313477,0.2595000077268337,1632000,1423,1150
52,-167.32472826086956,67.48776788596027,-860.9834,-110.33919,126.39525691699605,29.0,320.0,-3.13974365234375,-6.9177856,-1.9333775,-0.019735876083374022,-2.7991157,1.782213,0.019735878333449364,0.037682171911001205,-0.0042684441432356834,-0.015167518518865108,0.05052340403199196,0.0020372753497213125,80.0,2390,0.9954630136489868,0.000147,-90.4273910522461,26.469968795776367,0.2545100085945127,1664000,1451,1151
53,-164.6251220703125,62.57058904374522,-615.74915,-104.21498,124.53125,29.0,369.0,-3.1610087890625,-7.3886657,-1.8119354,-0.0074326848983764645,-2.6085014,2.5909886,0.007432684767991304,0.04062189534306526,-0.004550553858280182,-0.013043581508100033,0.030722258612513542,0.0021107185166329145,80.0,2390,0.9970000982284546,0.00014399999999999998,-90.32371520996094,26.48725700378418,0.2495199874210115,1696000,1479,1151
54,-171.52434517634856,93.9109558829787,-1311.7983,-114.43131,132.70954356846474,55.0,480.0,-3.17197998046875,-7.6303062,-1.9433517,-0.007870755672454833,-4.206333,3.026837,0.007870755158364773,0.055347636342048645,-0.0052536725997924805,-0.02324066311120987,0.010521292686462402,0.00231414963491261,80.0,2390,0.9990947246551514,0.00014099999999999998,-90.24369049072266,26.6462459564209,0.2445300130392271,1728000,1507,1158
55,-163.56378073770492,53.71876713610385,-466.17865,-110.017426,130.50819672131146,41.0,479.0,-3.10897802734375,-6.748958,-1.9041206,0.017007110595703125,-1.0809344,1.8344979,-0.01700711064040661,0.028895756229758263,-0.0034681987017393112,-0.005162995774298906,-0.010096312500536442,0.0019260053522884846,80.0,2390,1.0015614032745361,0.00013799999999999997,-90.08621978759766,26.599884033203125,0.23954000774266757,1760000,1534,1151
56,-164.7878034607438,51.06710967034109,-458.56342,-114.68948,131.87190082644628,55.0,374.0,-3.064482421875,-6.5346165,-1.8742856,0.0030005173683166505,-1.4062793,2.675051,-0.0030005171429365873,0.029836975038051605,-0.003642959287390113,-0.006627856288105249,-0.031147953122854233,0.001907432684674859,80.0,2390,0.9993433952331543,0.00013499999999999997,-89.93707275390625,26.5765323638916,0.234550004641517,1792000,1562,1151
57,-170.03293138586957,69.47894191454859,-906.8394,-117.91481,139.0,48.0,497.0,-3.05407470703125,-7.699447,-1.8958695,0.0012986669540405273,-3.3705215,2.6187372,-0.0012986698420718312,0.03728170692920685,-0.004095838405191898,-0.013200948014855385,-0.052652351558208466,0.002029192401096225,80.0,2390,0.9984979629516602,0.00013199999999999998,-89.79649353027344,26.63214874267578,0.22955999292098736,1824000,1590,1154
58,-167.64897862554113,45.93161147728689,-365.3987,-115.09723,138.43722943722943,57.0,478.0,-3.038070556640625,-5.656478,-1.885944,0.0072742319107055664,-1.2035513,1.7840278,-0.007274232339113951,0.024651801213622093,-0.0032819206826388836,-0.0038966198917478323,-0.0746292993426323,0.00194871099665761,80.0,2390,0.9998190999031067,0.000129,-89.63524627685547,26.583398818969727,0.22456999820972315,1856000,1618,1154
59,-167.87350694444444,54.962439194619286,-633.58453,-105.5707,142.13777777777779,36.0,414.0,-3.0047333984375,-6.0228586,-1.8415998,0.011840307235717773,-1.6305326,1.8669038,-0.011840306222438812,0.027597062289714813,-0.003483177162706852,-0.0070572299882769585,-0.0971001535654068,0.0019983015954494476,80.0,2390,1.0000122785568237,0.000126,-89.46330261230469,26.578134536743164,0.21957999823036295,1888000,1645,1162
60,-164.66962139423077,42.791271875441474,-402.50565,-111.86581,136.23504273504273,50.0,498.0,-2.97609814453125,-5.4755406,-1.7744291,-0.0016001117229461669,-1.1158446,1.4259868,0.0016001120675355196,0.018328683450818062,-0.0027800570242106915,-0.0021768752485513687,-0.12008751928806305,0.001969583099707961,80.0,2390,0.9989215135574341,0.000123,-89.29292297363281,26.53493881225586,0.21459000563005573,1920000,1673,1157
61,-167.45539484797297,45.53799707857086,-464.57095,-115.59211,143.42792792792793,44.0,449.0,-2.976952880859375,-5.1630945,-1.7678088,0.010332490921020508,-1.0796199,1.3283517,-0.010332491248846054,0.0205906443297863,-0.002924175001680851,-0.002690659835934639,-0.14361584186553955,0.0018244420643895864,80.0,2390,1.0006669759750366,0.00011999999999999999,-89.11296081542969,26.512887954711914,0.20959999310399555,1952000,1701,1158
62,-168.78661886415526,51.97757573218891,-452.17087,-112.15914,145.2420091324201,41.0,500.0,-2.9518623046875,-5.5401244,-1.7883718,0.0025652246475219727,-1.1029983,1.4510165,-0.0025652246549725533,0.023059574887156487,-0.0032369564287364483,-0.0030790134333074093,-0.1677110493183136,0.0020084138959646225,80.0,2390,0.9992694854736328,0.000117,-88.9320297241211,26.509490966796875,0.20461000280667271,1984000,1728,1155
63,-167.85150994955157,50.11226466152499,-418.74075,-116.645836,143.36322869955157,67.0,500.0,-2.965638671875,-5.632717,-1.6988609,-0.004167850017547607,-0.9120042,1.2285744,0.004167850594967604,0.01964028924703598,-0.002885679714381695,-0.003120088716968894,-0.19240115582942963,0.0020203141029924154,80.0,2390,0.9985551834106445,0.00011399999999999999,-88.77283477783203,26.475324630737305,0.19962000627258156,2016000,1756,1155
64,-178.181640625,56.95347241215394,-416.96094,-123.67336,158.17326732673268,55.0,500.0,-2.985014892578125,-5.9869003,-1.6912272,0.005897098064422608,-1.427667,1.8983791,-0.005897096823900938,0.024190571159124374,-0.003480565268546343,-0.00431608222424984,-0.21771644055843353,0.002180813578888774,80.0,2390,0.9991745948791504,0.00011099999999999999,-88.60585021972656,26.482650756835938,0.1946299972163167,2048000,1784,1157
65,-176.8112167874396,67.82207113715515,-676.94275,-112.34368,153.84541062801932,39.0,409.0,-2.980672119140625,-6.3419685,-1.6889073,-0.0027232122421264647,-1.3676527,2.2881925,0.002723210258409381,0.02477862499654293,-0.003349300939589739,-0.006357273552566767,-0.24368909001350403,0.002050874987617135,80.0,2390,0.9966370463371277,0.00010799999999999998,-88.47233581542969,26.48804473876953,0.18964000833605357,2080000,1811,1152
66,-173.50818359375,47.237571116644006,-361.7054,-120.06599,159.885,63.0,500.0,-2.910838134765625,-5.3014603,-1.6083361,0.013899285316467285,-0.92119396,1.675335,-0.013899285346269608,0.02162247523665428,-0.003237864002585411,-0.0033451628405600786,-0.2703547179698944,0.002105935476720333,80.0,2390,0.9999116063117981,0.00010499999999999999,-88.28398895263672,26.496740341186523,0.18464999843973373,2112000,1839,1145
67,-181.5814363895939,71.77041662861994,-539.7711,-120.77634,162.15736040609136,67.0,500.0,-2.97544091796875,-6.1363506,-1.5671691,-0.0035749497413635253,-0.9593045,1.3680356,0.003574950620532036,0.025383958593010902,-0.003715507686138153,-0.0051776450127363205,-0.2977505326271057,0.0022889685351401567,80.0,2390,0.9982963800430298,0.00010199999999999999,-88.15129852294922,26.49897003173828,0.17965999881044067,2144000,1867,1155
68,-186.52565696022728,59.76359083733781,-449.55276,-123.40969,180.6306818181818,60.0,500.0,-2.909339111328125,-6.750715,-1.6094332,0.01909296989440918,-1.1041262,1.9650779,-0.019092971459031105,0.025638265535235405,-0.003394659608602524,-0.004657264333218336,-0.3259182572364807,0.002102512400597334,80.0,2390,1.0008658170700073,9.899999999999998e-05,-87.95256042480469,26.55950927734375,0.17466999390929466,2176000,1895,1159
69,-177.21976642219389,51.480476659028874,-371.73373,-123.74686,163.1530612244898,59.0,500.0,-2.901101806640625,-5.7090087,-1.5941219,0.002305649757385254,-1.0514363,1.145939,-0.002305649220943451,0.020757680758833885,-0.003285487648099661,-0.00395266292616725,-0.3549024164676666,0.0022314314264804125,80.0,2390,0.9985380172729492,9.599999999999998e-05,-87.7950210571289,26.56648063659668,0.16967999071520917,2208000,1923,1152
70,-185.06753348214286,56.21487792390908,-441.9574,-113.25797,182.68,59.0,500.0,-2.84600537109375,-6.4948835,-1.552218,0.01665836524963379,-0.97936815,1.802783,-0.016658363863825798,0.023667918518185616,-0.003377007320523262,-0.005747255403548479,-0.3847517669200897,0.0021547707729041576,80.0,2390,1.0015496015548706,9.300000000000001e-05,-87.59843444824219,26.62453842163086,0.16469000754331473,2240000,1950,1163
71,-188.65709821428572,67.30164771916276,-585.09686,-109.82478,181.6342857142857,51.0,500.0,-2.87701806640625,-5.6482825,-1.4658806,0.007425720691680908,-1.4004115,1.718466,-0.007425722666084766,0.0239547286182642,-0.0034842872992157936,-0.0054012807086110115,-0.41551974415779114,0.0022162997629493475,80.0,2390,0.9988805055618286,9e-05,-87.43598937988281,26.646291732788086,0.1596999986960824,2272000,1978,1160
72,-179.84294041450778,64.95807486092323,-640.3139,-113.510475,164.6321243523316,60.0,500.0,-2.8951865234375,-6.1063943,-1.4414026,-0.0033001816272735596,-1.2453581,1.1221145,0.003300182055681944,0.023465324193239212,-0.003529956564307213,-0.004707805346697569,-0.4472641944885254,0.0022326938342303038,80.0,2390,0.9984285831451416,8.7e-05,-87.29290008544922,26.649709701538086,0.15471000788755682,2304000,2005,1154
73,-179.98409288194443,51.92318378035855,-414.27078,-117.78529,177.04444444444445,59.0,500.0,-2.809252197265625,-5.792519,-1.4613963,0.012452548027038574,-0.7736934,0.91763425,-0.012452547438442707,0.021371599286794662,-0.003232150338590145,-0.0038399992045015097,-0.48005005717277527,0.0022708349861204624,80.0,2390,0.9993802905082703,8.4e-05,-87.0941390991211,26.70916175842285,0.14972000446448497,2336000,2033,1162
74,-179.66338599860336,53.57669866336302,-505.98724,-109.603615,178.43016759776538,48.0,500.0,-2.78879541015625,-5.177285,-1.4640647,0.013946162223815919,-0.9525209,1.2190781,-0.013946162536740303,0.020570961758494377,-0.0031776949763298035,-0.004315776284784079,-0.5139465928077698,0.0023049793671816587,80.0,2390,0.9998820424079895,8.1e-05,-86.9019546508789,26.754674911499023,0.1447300075462838,2368000,2061,1161
75,-189.3648348721591,65.05192964959889,-411.11395,-118.93854,179.85227272727272,52.0,482.0,-2.8649599609375,-5.8847795,-1.4688458,9.155970811843872e-05,-1.0793808,1.081056,-9.156021405942738e-05,0.024440934881567955,-0.003747763577848673,-0.005964051466435194,-0.5490331649780273,0.002454564440995455,80.0,2390,0.9985319972038269,7.8e-05,-86.76363372802734,26.77689552307129,0.13974000605204304,2400000,2088,1151
76,-185.37664930555556,69.12552742414822,-602.39764,-119.757065,177.57222222222222,59.0,500.0,-2.840873046875,-5.2348337,-1.4634215,-0.0007387044429779053,-1.4887338,1.0499228,0.0007387055084109306,0.0258974377065897,-0.003972882404923439,-0.007259925827383995,-0.5853954553604126,0.002827667398378253,80.0,2390,0.9981610774993896,7.5e-05,-86.62310791015625,26.807231903076172,0.1347500129713216,2432000,2116,1149
77,-183.98327773876406,58.22398391874938,-450.52585,-117.2629,179.1685393258427,61.0,500.0,-2.794596923828125,-5.9071884,-1.429559,0.0010519527196884155,-1.0305766,1.2950933,-0.001051951665431261,0.021922223269939423,-0.003239959944039583,-0.004497305024415255,-0.6231303215026855,0.002266516210511327,80.0,2390,0.9986124634742737,7.199999999999999e-05,-86.46778106689453,26.828046798706055,0.12975999594514834,2464000,2144,1163
78,-189.5572380514706,68.07446182630588,-501.59262,-115.77187,187.68823529411765,78.0,500.0,-2.82061279296875,-5.7290354,-1.4090241,0.007178674697875977,-0.9749863,1.9129846,-0.007178670261055231,0.023215610533952713,-0.0035156928934156895,-0.004329117015004158,-0.6623448133468628,0.0023388401605188847,80.0,2390,0.9995222091674805,6.899999999999998e-05,-86.31163787841797,26.85832405090332,0.12476998822693401,2496000,2171,1155
79,-185.22514816810346,56.519024617186744,-477.3619,-122.157684,181.867816091954,65.0,500.0,-2.796494140625,-5.398544,-1.3758676,0.004755951881408691,-1.0189282,1.4718761,-0.00475595286116004,0.022231359034776688,-0.0034344694577157497,-0.0035187737084925175,-0.7031600475311279,0.0023819312918931246,80.0,2390,1.000195026397705,6.599999999999999e-05,-86.15506744384766,26.883211135864258,0.11978001272704332,2528000,2199,1163
80,-194.2643764833861,59.16943261794145,-443.19003,-117.93458,201.41772151898735,73.0,500.0,-2.79831884765625,-5.7917967,-1.424273,0.014136569023132324,-0.6889768,1.1766729,-0.014136566780507565,0.020718395709991455,-0.003159734420478344,-0.003548297332599759,-0.7457123398780823,0.002187877194955945,80.0,2390,1.001397967338562,6.299999999999999e-05,-85.98339080810547,26.933048248291016,0.11478999883505472,2560000,2227,1157
81,-196.84844708588957,82.23291494659239,-688.1831,-129.76866,196.03067484662577,63.0,500.0,-2.830195068359375,-6.1988463,-1.444476,-0.0011319613456726074,-1.16769,0.9100275,0.0011319624027237296,0.02501450479030609,-0.0038877325132489204,-0.0064985910430550575,-0.7901562452316284,0.0025745569728314877,80.0,2390,0.9980423450469971,5.999999999999998e-05,-85.84780883789062,26.962377548217773,0.1097999985840832,2592000,2254,1160
82,-187.2711549322289,54.623554266661294,-385.29193,-119.59685,192.2289156626506,63.0,500.0,-2.7648544921875,-6.314901,-1.486813,0.015063506126403808,-0.94329983,2.5022566,-0.015063507482409477,0.02204596810042858,-0.0033909454941749573,-0.004667513072490692,-0.8366679549217224,0.002222242532297969,80.0,2390,1.000983476638794,5.6999999999999976e-05,-85.6777114868164,27.01213836669922,0.10480999133546844,2624000,2282,1160
83,-189.06593351910828,55.77705635764195,-470.49637,-90.64874,203.13375796178343,27.0,500.0,-2.70747802734375,-5.147868,-1.4476801,0.018125329971313477,-0.8629392,1.0400329,-0.018125329166650772,0.0203600712120533,-0.0031172670423984528,-0.003892873413860798,-0.8854482769966125,0.002162179909646511,80.0,2390,1.0001957416534424,5.400000000000001e-05,-85.48217010498047,27.100778579711914,0.09982000990089675,2656000,2309,1156
84,-195.67848079219746,80.42294646723245,-703.87054,-119.281624,202.46496815286625,68.0,500.0,-2.743177978515625,-5.635604,-1.3773073,0.006159842014312744,-1.1073686,1.3253367,-0.006159839686006308,0.022166797891259193,-0.0034141824580729008,-0.0056830476969480515,-0.9367313385009766,0.0023343986831605434,80.0,2390,0.9983345866203308,5.1000000000000006e-05,-85.32940673828125,27.175457000732422,0.09482999674191603,2688000,2337,1166
85,-188.8743571993671,55.44848254706482,-401.12628,-116.072784,201.59493670886076,68.0,500.0,-2.670162109375,-4.6407866,-1.3633456,0.01675054168701172,-1.1973429,0.7556246,-0.01675053872168064,0.01845916360616684,-0.002953294664621353,-0.0030845298897475004,-0.9907865524291992,0.002106257015839219,80.0,2390,1.0012543201446533,4.800000000000001e-05,-85.14391326904297,27.236629486083984,0.08984000159569713,2720000,2365,1158
86,-192.2027144705414,61.71525493006411,-512.9068,-125.17384,203.6624203821656,69.0,500.0,-2.66705126953125,-5.6525617,-1.34093,0.009150784492492675,-1.02875,1.3890383,-0.009150786325335503,0.020591773092746735,-0.0032670237123966217,-0.004681443329900503,-1.0479317903518677,0.002351032802835107,80.0,2390,1.0005892515182495,4.5e-05,-84.9822998046875,27.28890037536621,0.08484999825035386,2752000,2392,1152
87,-188.09203629032257,59.84994677551734,-440.6819,-124.057205,206.20645161290324,72.0,500.0,-2.649048828125,-5.5451827,-1.285075,0.02281104850769043,-0.8929212,1.0895886,-0.022811047732830048,0.019140729680657387,-0.002993457019329071,-0.0037198292557150126,-1.1085416078567505,0.0022619804367423058,80.0,2390,1.0020513534545898,4.2e-05,-84.78959655761719,27.382375717163086,0.07986000414631658,2784000,2420,1160
88,-195.18969254032257,67.65410127519867,-559.47424,-128.28546,206.41290322580645,74.0,500.0,-2.669425537109375,-5.2723713,-1.2450532,0.0048558683395385745,-1.844546,1.0970309,-0.004855867009609938,0.021515661850571632,-0.003329826984554529,-0.005083092488348484,-1.1730635166168213,0.002406221115961671,80.0,2390,0.9996102452278137,3.9e-05,-84.63823699951172,27.434860229492188,0.07487000657070499,2816000,2448,1159
89,-183.9921173278443,59.046930867829026,-439.10803,-114.893036,191.22754491017963,66.0,500.0,-2.65054443359375,-5.5293317,-1.2868625,0.0033353703022003175,-0.6834388,1.2732072,-0.0033353709150105715,0.018228651955723763,-0.0030558917205780745,-0.003067839192226529,-1.2420369386672974,0.002346708904951811,80.0,2390,0.9996199607849121,3.5999999999999994e-05,-84.48348999023438,27.466842651367188,0.0698800069223068,2848000,2475,1162
90,-192.42775925557325,60.4812178035989,-491.1464,-125.76101,201.8535031847134,68.0,500.0,-2.683003662109375,-5.5386186,-1.2211343,0.007206137657165527,-0.9077201,0.8268986,-0.007206134032458067,0.019473735243082047,-0.0031753904186189175,-0.0036094358656555414,-1.316123127937317,0.0024917293339967728,80.0,2390,0.999555230140686,3.2999999999999996e-05,-84.34480285644531,27.500534057617188,0.06489000680314891,2880000,2502,1176
91,-189.51193159054486,61.17908636923535,-402.3609,-77.02313,203.96794871794873,48.0,500.0,-2.628352783203125,-5.185574,-1.2754829,0.013175161361694335,-1.0821944,1.4571323,-0.01317516528069973,0.021277353167533875,-0.003307940438389778,-0.004215475637465715,-1.396140456199646,0.002422384452074766,80.0,2390,1.0019142627716064,2.999999999999999e-05,-84.17398834228516,27.564516067504883,0.05990000230669938,2912000,2530,1178
92,-184.9931873139881,61.245122497729604,-572.7565,-115.23161,189.625,59.0,500.0,-2.627351806640625,-5.496497,-1.1202251,0.0022562391757965086,-1.5077504,1.3684714,-0.0022562420926988125,0.020802292972803116,-0.003354875836521387,-0.005086020100861788,-1.483121633529663,0.0025372467935085297,80.0,2390,0.9981730580329895,2.699999999999999e-05,-84.04298400878906,27.589643478393555,0.0549100002316689,2944000,2557,1161
93,-193.64884286556602,64.25920081931541,-423.19385,-118.15788,200.38993710691824,69.0,500.0,-2.65602880859375,-6.106519,-1.201466,0.0003820390701293945,-0.865282,1.8223901,-0.0003820386191364378,0.02011965587735176,-0.0031213765032589436,-0.004137308336794376,-1.5783953666687012,0.0024209206458181143,80.0,2390,0.9988695383071899,2.3999999999999987e-05,-83.91558837890625,27.608169555664062,0.049920001413217084,2976000,2585,1163
94,-190.95097525167785,55.593646430954074,-394.3034,-111.5923,214.50335570469798,56.0,500.0,-2.555135986328125,-5.0744863,-1.1885599,0.019904296875,-0.7486088,0.7835046,-0.019904302433133125,0.019738230854272842,-0.003093702718615532,-0.0034027963411062956,-1.6837100982666016,0.002422844059765339,80.0,2390,1.0016489028930664,2.0999999999999982e-05,-83.73986053466797,27.66943359375,0.044930004744515896,3008000,2612,1165
95,-186.24269649621212,61.64640125651122,-465.88757,-120.74425,193.7030303030303,59.0,500.0,-2.635446044921875,-5.8132763,-1.2509491,0.003787709951400757,-1.0680575,0.7028329,-0.0037877061404287815,0.018445121124386787,-0.0030441847629845142,-0.003333559026941657,-1.8014391660690308,0.002429309068247676,80.0,2390,0.9996504187583923,1.8000000000000014e-05,-83.61176300048828,27.685062408447266,0.03993999930547052,3040000,2639,1170
96,-190.66943678513073,72.38119632680402,-771.5151,-83.75586,208.718954248366,76.0,500.0,-2.610837890625,-6.375408,-1.1090627,0.014567717552185059,-1.0109012,1.5100474,-0.014567711390554905,0.022137697786092758,-0.0033227549865841866,-0.005102896131575108,-1.9348982572555542,0.0025078686885535717,80.0,2390,1.0008362531661987,1.5000000000000012e-05,-83.46004486083984,27.76487922668457,0.03495000123989559,3072000,2667,1163
97,-181.08499581473214,53.54336665820742,-389.99158,-106.18236,190.45833333333334,41.0,500.0,-2.58017724609375,-5.1588163,-1.1901217,0.010069866180419922,-1.1210637,0.9431715,-0.010069862008094788,0.01793963834643364,-0.0030111027881503105,-0.00305219367146492,-2.0889532566070557,0.002428513253107667,80.0,2390,0.999527633190155,1.2000000000000009e-05,-83.3215560913086,27.781295776367188,0.029959999656289846,3104000,2695,1160
98,-188.99758522727274,60.938605467828324,-422.76843,-128.10515,193.73333333333332,63.0,500.0,-2.6274912109375,-4.944586,-1.2183342,0.00010942733287811279,-0.9722842,0.97803783,-0.00010942399239866063,0.01833905279636383,-0.002980937249958515,-0.0041512176394462585,-2.271141290664673,0.002469649538397789,80.0,2390,0.9979745149612427,9.000000000000007e-06,-83.21578979492188,27.77143669128418,0.024970000220420632,3136000,2722,1162
99,-192.08554441823898,64.97943857180454,-480.6913,-116.65715,200.8679245283019,63.0,500.0,-2.599954833984375,-5.366277,-1.2042445,-0.0011153295040130615,-1.0194852,1.0154665,0.0011153228115290403,0.019345562905073166,-0.0031375561375170946,-0.004199690651148558,-2.4940850734710693,0.0024960068985819817,80.0,2390,0.9977366328239441,6.000000000000004e-06,-83.0938949584961,27.795011520385742,0.019980000677910507,3168000,2750,1155
100,-183.59140625,53.85830295205188,-480.13385,-113.43306,199.44375,62.0,500.0,-2.55078369140625,-5.0132546,-1.1834059,0.012311628341674805,-0.8701816,1.0525799,-0.012311636470258236,0.017825504764914513,-0.0025933030992746353,-0.0030607522930949926,-2.781433343887329,0.001996941864490509,80.0,2390,1.000288486480713,3.000000000000002e-06,-82.94287872314453,27.832780838012695,0.01499000336704062,3200000,2778,1154
